COUNTRY,YEAR,EVENTS
Afghanistan,2017,12582
Afghanistan,2018,13664
Afghanistan,2019,13612
Afghanistan,2020,9758
Afghanistan,2021,9122
Afghanistan,2022,2548
Afghanistan,2023,1035
Afghanistan,2024,1095
Afghanistan,2025,695
Akrotiri and Dhekelia,2018,0
Akrotiri and Dhekelia,2019,0
Akrotiri and Dhekelia,2020,0
Akrotiri and Dhekelia,2021,1
Albania,2018,6
Albania,2019,18
Albania,2020,7
Albania,2021,21
Albania,2022,6
Albania,2023,8
Albania,2024,6
Albania,2025,3
Algeria,1997,141
Algeria,1998,47
Algeria,1999,63
Algeria,2000,168
Algeria,2001,155
Algeria,2002,210
Algeria,2003,158
Algeria,2004,96
Algeria,2005,78
Algeria,2006,179
Algeria,2007,302
Algeria,2008,196
Algeria,2009,186
Algeria,2010,107
Algeria,2011,158
Algeria,2012,125
Algeria,2013,138
Algeria,2014,126
Algeria,2015,78
Algeria,2016,67
Algeria,2017,115
Algeria,2018,60
Algeria,2019,13
Algeria,2020,35
Algeria,2021,20
Algeria,2022,22
Algeria,2023,17
Algeria,2024,17
Algeria,2025,22
American Samoa,2021,0
Andorra,2020,1
Andorra,2021,0
Angola,1997,213
Angola,1998,447
Angola,1999,1290
Angola,2000,305
Angola,2001,301
Angola,2002,22
Angola,2003,2
Angola,2004,5
Angola,2005,2
Angola,2006,3
Angola,2007,13
Angola,2008,10
Angola,2009,11
Angola,2010,8
Angola,2011,8
Angola,2012,5
Angola,2013,10
Angola,2014,3
Angola,2015,5
Angola,2016,31
Angola,2017,54
Angola,2018,27
Angola,2019,19
Angola,2020,65
Angola,2021,64
Angola,2022,67
Angola,2023,66
Angola,2024,42
Angola,2025,51
Anguilla,2018,0
Anguilla,2019,0
Anguilla,2020,0
Anguilla,2021,0
Anguilla,2023,1
Antarctica,2021,0
Antigua and Barbuda,2018,1
Antigua and Barbuda,2019,1
Antigua and Barbuda,2020,4
Antigua and Barbuda,2021,1
Antigua and Barbuda,2023,1
Antigua and Barbuda,2024,4
Antigua and Barbuda,2025,1
Argentina,2018,89
Argentina,2019,75
Argentina,2020,78
Argentina,2021,81
Argentina,2022,65
Argentina,2023,57
Argentina,2024,14
Argentina,2025,14
Armenia,2018,1373
Armenia,2019,1364
Armenia,2020,1243
Armenia,2021,101
Armenia,2022,146
Armenia,2023,123
Armenia,2024,27
Armenia,2025,134
Aruba,2018,0
Aruba,2019,0
Aruba,2020,0
Aruba,2021,0
Aruba,2025,1
Australia,2021,7
Australia,2022,5
Australia,2023,1
Australia,2024,7
Australia,2025,1
Austria,2020,9
Austria,2021,4
Austria,2022,4
Austria,2023,4
Austria,2024,2
Austria,2025,1
Azerbaijan,2018,8364
Azerbaijan,2019,4389
Azerbaijan,2020,4063
Azerbaijan,2021,209
Azerbaijan,2022,386
Azerbaijan,2023,566
Azerbaijan,2024,76
Azerbaijan,2025,23
Bahamas,2018,0
Bahamas,2019,2
Bahamas,2020,3
Bahamas,2021,2
Bahamas,2022,1
Bahamas,2023,9
Bahamas,2024,1
Bahamas,2025,1
Bahrain,2016,16
Bahrain,2017,31
Bahrain,2018,7
Bahrain,2019,5
Bahrain,2020,7
Bahrain,2021,20
Bahrain,2022,9
Bahrain,2023,4
Bahrain,2024,11
Bahrain,2025,10
Bailiwick of Guernsey,2020,0
Bailiwick of Guernsey,2021,0
Bailiwick of Jersey,2020,0
Bailiwick of Jersey,2021,0
Bangladesh,2010,1541
Bangladesh,2011,1378
Bangladesh,2012,1065
Bangladesh,2013,1219
Bangladesh,2014,797
Bangladesh,2015,961
Bangladesh,2016,513
Bangladesh,2017,269
Bangladesh,2018,705
Bangladesh,2019,713
Bangladesh,2020,480
Bangladesh,2021,810
Bangladesh,2022,872
Bangladesh,2023,979
Bangladesh,2024,1182
Bangladesh,2025,944
Barbados,2018,1
Barbados,2019,0
Barbados,2020,2
Barbados,2021,0
Belarus,2018,12
Belarus,2019,6
Belarus,2020,82
Belarus,2021,39
Belarus,2022,54
Belarus,2023,23
Belarus,2024,22
Belarus,2025,11
Belgium,2020,16
Belgium,2021,5
Belgium,2022,16
Belgium,2023,15
Belgium,2024,5
Belgium,2025,7
Belize,2018,152
Belize,2019,166
Belize,2020,136
Belize,2021,125
Belize,2022,76
Belize,2023,62
Belize,2024,47
Belize,2025,56
Benin,1997,0
Benin,1998,1
Benin,1999,1
Benin,2000,0
Benin,2001,3
Benin,2002,0
Benin,2003,1
Benin,2004,1
Benin,2005,0
Benin,2006,0
Benin,2007,3
Benin,2008,0
Benin,2009,1
Benin,2010,1
Benin,2011,3
Benin,2012,1
Benin,2013,1
Benin,2014,1
Benin,2015,3
Benin,2016,9
Benin,2017,9
Benin,2018,25
Benin,2019,21
Benin,2020,119
Benin,2021,102
Benin,2022,177
Benin,2023,292
Benin,2024,282
Benin,2025,174
Bermuda,2018,0
Bermuda,2019,0
Bermuda,2020,0
Bermuda,2021,0
Bhutan,2020,1
Bhutan,2021,2
Bhutan,2022,2
Bhutan,2024,1
Bolivia,2018,26
Bolivia,2019,40
Bolivia,2020,54
Bolivia,2021,54
Bolivia,2022,63
Bolivia,2023,90
Bolivia,2024,85
Bolivia,2025,103
Bosnia and Herzegovina,2018,31
Bosnia and Herzegovina,2019,30
Bosnia and Herzegovina,2020,5
Bosnia and Herzegovina,2021,4
Bosnia and Herzegovina,2022,7
Bosnia and Herzegovina,2023,8
Bosnia and Herzegovina,2024,18
Bosnia and Herzegovina,2025,15
Botswana,1997,0
Botswana,1998,1
Botswana,1999,0
Botswana,2000,0
Botswana,2001,0
Botswana,2002,0
Botswana,2003,0
Botswana,2004,2
Botswana,2005,1
Botswana,2006,0
Botswana,2007,1
Botswana,2008,1
Botswana,2009,1
Botswana,2010,1
Botswana,2011,1
Botswana,2012,0
Botswana,2013,1
Botswana,2014,1
Botswana,2015,1
Botswana,2016,2
Botswana,2017,2
Botswana,2018,3
Botswana,2019,1
Botswana,2020,12
Botswana,2021,6
Botswana,2022,7
Botswana,2023,13
Botswana,2024,3
Botswana,2025,5
Brazil,2018,10236
Brazil,2019,8347
Brazil,2020,7990
Brazil,2021,8191
Brazil,2022,9964
Brazil,2023,10041
Brazil,2024,9340
Brazil,2025,8617
British Indian Ocean Territory,2018,0
British Indian Ocean Territory,2019,0
British Indian Ocean Territory,2020,0
British Indian Ocean Territory,2021,0
British Virgin Islands,2018,0
British Virgin Islands,2019,0
British Virgin Islands,2020,0
British Virgin Islands,2021,0
Brunei,2020,0
Brunei,2021,0
Bulgaria,2018,3
Bulgaria,2019,6
Bulgaria,2020,11
Bulgaria,2021,5
Bulgaria,2022,2
Bulgaria,2024,3
Bulgaria,2025,3
Burkina Faso,1997,0
Burkina Faso,1998,1
Burkina Faso,1999,4
Burkina Faso,2000,3
Burkina Faso,2001,2
Burkina Faso,2002,5
Burkina Faso,2003,1
Burkina Faso,2004,3
Burkina Faso,2005,0
Burkina Faso,2006,6
Burkina Faso,2007,0
Burkina Faso,2008,6
Burkina Faso,2009,0
Burkina Faso,2010,0
Burkina Faso,2011,13
Burkina Faso,2012,13
Burkina Faso,2013,8
Burkina Faso,2014,22
Burkina Faso,2015,22
Burkina Faso,2016,41
Burkina Faso,2017,97
Burkina Faso,2018,233
Burkina Faso,2019,634
Burkina Faso,2020,666
Burkina Faso,2021,1339
Burkina Faso,2022,1652
Burkina Faso,2023,1716
Burkina Faso,2024,1318
Burkina Faso,2025,1155
Burundi,1997,199
Burundi,1998,109
Burundi,1999,161
Burundi,2000,484
Burundi,2001,601
Burundi,2002,434
Burundi,2003,217
Burundi,2004,75
Burundi,2005,71
Burundi,2006,106
Burundi,2007,28
Burundi,2008,77
Burundi,2009,67
Burundi,2010,95
Burundi,2011,25
Burundi,2012,13
Burundi,2013,10
Burundi,2014,55
Burundi,2015,970
Burundi,2016,875
Burundi,2017,703
Burundi,2018,810
Burundi,2019,663
Burundi,2020,545
Burundi,2021,562
Burundi,2022,366
Burundi,2023,274
Burundi,2024,294
Burundi,2025,191
Cambodia,2010,45
Cambodia,2011,49
Cambodia,2012,31
Cambodia,2013,39
Cambodia,2014,40
Cambodia,2015,7
Cambodia,2016,12
Cambodia,2017,11
Cambodia,2018,8
Cambodia,2019,18
Cambodia,2020,24
Cambodia,2021,10
Cambodia,2022,6
Cambodia,2023,1
Cambodia,2024,1
Cambodia,2025,4
Cameroon,1997,13
Cameroon,1998,5
Cameroon,1999,1
Cameroon,2000,4
Cameroon,2001,2
Cameroon,2002,1
Cameroon,2003,4
Cameroon,2004,4
Cameroon,2005,16
Cameroon,2006,5
Cameroon,2007,18
Cameroon,2008,14
Cameroon,2009,14
Cameroon,2010,10
Cameroon,2011,11
Cameroon,2012,4
Cameroon,2013,25
Cameroon,2014,104
Cameroon,2015,104
Cameroon,2016,237
Cameroon,2017,341
Cameroon,2018,682
Cameroon,2019,718
Cameroon,2020,1172
Cameroon,2021,1173
Cameroon,2022,1609
Cameroon,2023,2718
Cameroon,2024,2904
Cameroon,2025,1739
Canada,2021,22
Canada,2022,11
Canada,2023,10
Canada,2024,5
Canada,2025,3
Cape Verde,2020,4
Cape Verde,2021,1
Cape Verde,2022,3
Cape Verde,2023,2
Cape Verde,2024,1
Caribbean Netherlands,2018,0
Caribbean Netherlands,2019,0
Caribbean Netherlands,2020,0
Caribbean Netherlands,2021,0
Cayman Islands,2018,0
Cayman Islands,2019,0
Cayman Islands,2020,0
Cayman Islands,2021,0
Central African Republic,1997,29
Central African Republic,1998,11
Central African Republic,1999,9
Central African Republic,2000,6
Central African Republic,2001,35
Central African Republic,2002,54
Central African Republic,2003,59
Central African Republic,2004,20
Central African Republic,2005,16
Central African Republic,2006,48
Central African Republic,2007,94
Central African Republic,2008,82
Central African Republic,2009,95
Central African Republic,2010,156
Central African Republic,2011,54
Central African Republic,2012,105
Central African Republic,2013,404
Central African Republic,2014,867
Central African Republic,2015,251
Central African Republic,2016,227
Central African Republic,2017,357
Central African Republic,2018,469
Central African Republic,2019,192
Central African Republic,2020,372
Central African Republic,2021,670
Central African Republic,2022,276
Central African Republic,2023,317
Central African Republic,2024,392
Central African Republic,2025,460
Chad,1997,12
Chad,1998,11
Chad,1999,10
Chad,2000,20
Chad,2001,10
Chad,2002,15
Chad,2003,17
Chad,2004,45
Chad,2005,30
Chad,2006,110
Chad,2007,102
Chad,2008,72
Chad,2009,22
Chad,2010,8
Chad,2011,6
Chad,2012,7
Chad,2013,2
Chad,2014,10
Chad,2015,31
Chad,2016,13
Chad,2017,22
Chad,2018,56
Chad,2019,133
Chad,2020,118
Chad,2021,137
Chad,2022,132
Chad,2023,108
Chad,2024,119
Chad,2025,117
Chile,2018,113
Chile,2019,218
Chile,2020,225
Chile,2021,243
Chile,2022,208
Chile,2023,173
Chile,2024,165
Chile,2025,134
China,2018,783
China,2019,577
China,2020,298
China,2021,328
China,2022,212
China,2023,158
China,2024,208
China,2025,143
Christmas Island,2021,0
Cocos (Keeling) Islands,2021,0
Colombia,2018,1839
Colombia,2019,1808
Colombia,2020,1962
Colombia,2021,2404
Colombia,2022,2700
Colombia,2023,2829
Colombia,2024,2368
Colombia,2025,2532
Comoros,2020,8
Comoros,2021,7
Comoros,2022,12
Comoros,2023,12
Comoros,2024,10
Comoros,2025,9
Cook Islands,2021,0
Costa Rica,2018,3
Costa Rica,2019,25
Costa Rica,2020,18
Costa Rica,2021,13
Costa Rica,2022,13
Costa Rica,2023,8
Costa Rica,2024,27
Costa Rica,2025,16
Croatia,2018,12
Croatia,2019,24
Croatia,2020,11
Croatia,2021,8
Croatia,2023,1
Croatia,2024,16
Croatia,2025,6
Cuba,2018,0
Cuba,2019,8
Cuba,2020,71
Cuba,2021,91
Cuba,2022,79
Cuba,2023,66
Cuba,2024,39
Cuba,2025,44
Curacao,2018,0
Curacao,2019,0
Curacao,2020,1
Curacao,2021,0
Curacao,2022,1
Cyprus,2018,5
Cyprus,2019,10
Cyprus,2020,13
Cyprus,2021,17
Cyprus,2022,33
Cyprus,2023,38
Cyprus,2024,41
Cyprus,2025,31
Czech Republic,2020,4
Czech Republic,2021,4
Czech Republic,2022,2
Czech Republic,2023,13
Czech Republic,2024,3
Czech Republic,2025,4
Democratic Republic of Congo,1997,152
Democratic Republic of Congo,1998,242
Democratic Republic of Congo,1999,412
Democratic Republic of Congo,2000,200
Democratic Republic of Congo,2001,258
Democratic Republic of Congo,2002,278
Democratic Republic of Congo,2003,264
Democratic Republic of Congo,2004,187
Democratic Republic of Congo,2005,237
Democratic Republic of Congo,2006,305
Democratic Republic of Congo,2007,213
Democratic Republic of Congo,2008,399
Democratic Republic of Congo,2009,595
Democratic Republic of Congo,2010,286
Democratic Republic of Congo,2011,631
Democratic Republic of Congo,2012,749
Democratic Republic of Congo,2013,678
Democratic Republic of Congo,2014,763
Democratic Republic of Congo,2015,586
Democratic Republic of Congo,2016,646
Democratic Republic of Congo,2017,785
Democratic Republic of Congo,2018,1494
Democratic Republic of Congo,2019,1733
Democratic Republic of Congo,2020,2704
Democratic Republic of Congo,2021,3350
Democratic Republic of Congo,2022,3187
Democratic Republic of Congo,2023,2251
Democratic Republic of Congo,2024,2293
Democratic Republic of Congo,2025,2824
Denmark,2020,25
Denmark,2021,2
Denmark,2022,2
Denmark,2023,1
Denmark,2024,4
Djibouti,1997,1
Djibouti,1998,2
Djibouti,1999,3
Djibouti,2000,1
Djibouti,2001,0
Djibouti,2002,1
Djibouti,2003,0
Djibouti,2004,1
Djibouti,2005,0
Djibouti,2006,2
Djibouti,2007,1
Djibouti,2008,2
Djibouti,2009,6
Djibouti,2010,8
Djibouti,2011,2
Djibouti,2012,2
Djibouti,2013,4
Djibouti,2014,17
Djibouti,2015,6
Djibouti,2016,5
Djibouti,2017,3
Djibouti,2018,0
Djibouti,2019,9
Djibouti,2020,6
Djibouti,2021,12
Djibouti,2022,4
Djibouti,2023,9
Djibouti,2024,2
Dominica,2018,0
Dominica,2019,1
Dominica,2020,0
Dominica,2021,1
Dominica,2023,1
Dominican Republic,2018,31
Dominican Republic,2019,18
Dominican Republic,2020,16
Dominican Republic,2021,7
Dominican Republic,2022,47
Dominican Republic,2023,28
Dominican Republic,2024,33
Dominican Republic,2025,18
East Timor,2020,4
East Timor,2021,3
East Timor,2022,3
East Timor,2023,3
East Timor,2024,1
East Timor,2025,1
Ecuador,2018,13
Ecuador,2019,32
Ecuador,2020,44
Ecuador,2021,28
Ecuador,2022,85
Ecuador,2023,2581
Ecuador,2024,2556
Ecuador,2025,2877
Egypt,1997,32
Egypt,1998,10
Egypt,1999,5
Egypt,2000,25
Egypt,2001,6
Egypt,2002,5
Egypt,2003,0
Egypt,2004,1
Egypt,2005,14
Egypt,2006,2
Egypt,2007,2
Egypt,2008,38
Egypt,2009,26
Egypt,2010,56
Egypt,2011,227
Egypt,2012,126
Egypt,2013,822
Egypt,2014,728
Egypt,2015,830
Egypt,2016,471
Egypt,2017,435
Egypt,2018,386
Egypt,2019,537
Egypt,2020,515
Egypt,2021,266
Egypt,2022,194
Egypt,2023,23
Egypt,2024,29
Egypt,2025,42
El Salvador,2018,775
El Salvador,2019,782
El Salvador,2020,384
El Salvador,2021,460
El Salvador,2022,297
El Salvador,2023,70
El Salvador,2024,24
El Salvador,2025,18
Equatorial Guinea,1997,3
Equatorial Guinea,1998,2
Equatorial Guinea,1999,0
Equatorial Guinea,2000,1
Equatorial Guinea,2001,1
Equatorial Guinea,2002,1
Equatorial Guinea,2003,1
Equatorial Guinea,2004,2
Equatorial Guinea,2005,0
Equatorial Guinea,2006,1
Equatorial Guinea,2007,2
Equatorial Guinea,2008,1
Equatorial Guinea,2009,5
Equatorial Guinea,2010,1
Equatorial Guinea,2011,0
Equatorial Guinea,2012,1
Equatorial Guinea,2013,0
Equatorial Guinea,2014,1
Equatorial Guinea,2015,1
Equatorial Guinea,2016,3
Equatorial Guinea,2017,6
Equatorial Guinea,2018,6
Equatorial Guinea,2019,2
Equatorial Guinea,2020,3
Equatorial Guinea,2021,1
Equatorial Guinea,2022,1
Eritrea,1997,2
Eritrea,1998,23
Eritrea,1999,139
Eritrea,2000,63
Eritrea,2001,4
Eritrea,2002,1
Eritrea,2003,7
Eritrea,2004,5
Eritrea,2005,2
Eritrea,2006,3
Eritrea,2007,4
Eritrea,2008,16
Eritrea,2009,7
Eritrea,2010,3
Eritrea,2011,4
Eritrea,2012,4
Eritrea,2013,4
Eritrea,2014,1
Eritrea,2015,5
Eritrea,2016,6
Eritrea,2017,1
Eritrea,2018,2
Eritrea,2019,0
Eritrea,2020,6
Eritrea,2021,2
Eritrea,2022,4
Eritrea,2023,1
Eritrea,2024,3
Estonia,2020,0
Estonia,2021,1
Ethiopia,1997,20
Ethiopia,1998,53
Ethiopia,1999,73
Ethiopia,2000,135
Ethiopia,2001,42
Ethiopia,2002,220
Ethiopia,2003,115
Ethiopia,2004,113
Ethiopia,2005,95
Ethiopia,2006,53
Ethiopia,2007,39
Ethiopia,2008,111
Ethiopia,2009,95
Ethiopia,2010,176
Ethiopia,2011,78
Ethiopia,2012,119
Ethiopia,2013,111
Ethiopia,2014,59
Ethiopia,2015,191
Ethiopia,2016,551
Ethiopia,2017,309
Ethiopia,2018,483
Ethiopia,2019,133
Ethiopia,2020,622
Ethiopia,2021,1566
Ethiopia,2022,1279
Ethiopia,2023,1397
Ethiopia,2024,2572
Ethiopia,2025,1976
Falkland Islands,2018,0
Falkland Islands,2019,0
Falkland Islands,2020,0
Falkland Islands,2021,0
Faroe Islands,2020,1
Faroe Islands,2021,0
Fiji,2021,1
Fiji,2022,2
Fiji,2024,2
Finland,2020,9
Finland,2021,3
Finland,2022,2
Finland,2023,1
Finland,2024,3
France,2020,137
France,2021,129
France,2022,143
France,2023,71
France,2024,60
France,2025,90
French Guiana,2018,4
French Guiana,2019,0
French Guiana,2020,2
French Guiana,2021,1
French Guiana,2023,3
French Guiana,2024,1
French Polynesia,2021,2
French Polynesia,2023,2
French Polynesia,2024,1
French Southern and Antarctic Lands,2021,0
Gabon,1997,1
Gabon,1998,0
Gabon,1999,2
Gabon,2000,0
Gabon,2001,1
Gabon,2002,1
Gabon,2003,0
Gabon,2004,1
Gabon,2005,0
Gabon,2006,2
Gabon,2007,0
Gabon,2008,2
Gabon,2009,1
Gabon,2010,0
Gabon,2011,1
Gabon,2012,2
Gabon,2013,2
Gabon,2014,1
Gabon,2015,3
Gabon,2016,5
Gabon,2017,3
Gabon,2018,4
Gabon,2019,4
Gabon,2020,5
Gabon,2021,8
Gabon,2022,5
Gabon,2023,10
Gabon,2024,9
Gabon,2025,6
Gambia,1997,3
Gambia,1998,0
Gambia,1999,1
Gambia,2000,6
Gambia,2001,12
Gambia,2002,9
Gambia,2003,10
Gambia,2004,3
Gambia,2005,3
Gambia,2006,4
Gambia,2007,1
Gambia,2008,3
Gambia,2009,4
Gambia,2010,2
Gambia,2011,1
Gambia,2012,5
Gambia,2013,0
Gambia,2014,4
Gambia,2015,6
Gambia,2016,5
Gambia,2017,12
Gambia,2018,5
Gambia,2019,6
Gambia,2020,14
Gambia,2021,14
Gambia,2022,6
Gambia,2023,6
Gambia,2024,5
Gambia,2025,5
Georgia,2018,41
Georgia,2019,27
Georgia,2020,47
Georgia,2021,29
Georgia,2022,13
Georgia,2023,11
Georgia,2024,30
Georgia,2025,22
Germany,2020,118
Germany,2021,57
Germany,2022,18
Germany,2023,52
Germany,2024,66
Germany,2025,65
Ghana,1997,4
Ghana,1998,1
Ghana,1999,0
Ghana,2000,8
Ghana,2001,7
Ghana,2002,7
Ghana,2003,11
Ghana,2004,6
Ghana,2005,3
Ghana,2006,3
Ghana,2007,5
Ghana,2008,11
Ghana,2009,17
Ghana,2010,8
Ghana,2011,5
Ghana,2012,27
Ghana,2013,32
Ghana,2014,21
Ghana,2015,40
Ghana,2016,39
Ghana,2017,42
Ghana,2018,53
Ghana,2019,77
Ghana,2020,176
Ghana,2021,101
Ghana,2022,175
Ghana,2023,244
Ghana,2024,286
Ghana,2025,230
Gibraltar,2020,0
Gibraltar,2021,0
Greece,2018,84
Greece,2019,212
Greece,2020,107
Greece,2021,111
Greece,2022,116
Greece,2023,128
Greece,2024,93
Greece,2025,91
Greenland,2020,0
Greenland,2021,0
Grenada,2018,0
Grenada,2019,0
Grenada,2020,0
Grenada,2021,0
Guadeloupe,2018,3
Guadeloupe,2019,0
Guadeloupe,2020,3
Guadeloupe,2021,2
Guadeloupe,2022,1
Guadeloupe,2023,2
Guadeloupe,2024,9
Guam,2021,0
Guatemala,2018,881
Guatemala,2019,1170
Guatemala,2020,685
Guatemala,2021,678
Guatemala,2022,807
Guatemala,2023,920
Guatemala,2024,243
Guatemala,2025,410
Guinea,1997,0
Guinea,1998,19
Guinea,1999,34
Guinea,2000,146
Guinea,2001,59
Guinea,2002,11
Guinea,2003,1
Guinea,2004,4
Guinea,2005,8
Guinea,2006,6
Guinea,2007,13
Guinea,2008,10
Guinea,2009,25
Guinea,2010,18
Guinea,2011,5
Guinea,2012,18
Guinea,2013,37
Guinea,2014,18
Guinea,2015,29
Guinea,2016,20
Guinea,2017,15
Guinea,2018,43
Guinea,2019,42
Guinea,2020,148
Guinea,2021,72
Guinea,2022,58
Guinea,2023,90
Guinea,2024,98
Guinea,2025,69
Guinea-Bissau,1997,0
Guinea-Bissau,1998,64
Guinea-Bissau,1999,14
Guinea-Bissau,2000,7
Guinea-Bissau,2001,2
Guinea-Bissau,2002,1
Guinea-Bissau,2003,3
Guinea-Bissau,2004,2
Guinea-Bissau,2005,1
Guinea-Bissau,2006,17
Guinea-Bissau,2007,0
Guinea-Bissau,2008,2
Guinea-Bissau,2009,8
Guinea-Bissau,2010,2
Guinea-Bissau,2011,1
Guinea-Bissau,2012,7
Guinea-Bissau,2013,3
Guinea-Bissau,2014,3
Guinea-Bissau,2015,1
Guinea-Bissau,2016,0
Guinea-Bissau,2017,4
Guinea-Bissau,2018,0
Guinea-Bissau,2019,1
Guinea-Bissau,2020,7
Guinea-Bissau,2021,6
Guinea-Bissau,2022,13
Guinea-Bissau,2023,10
Guinea-Bissau,2024,6
Guinea-Bissau,2025,3
Guyana,2018,7
Guyana,2019,3
Guyana,2020,20
Guyana,2021,6
Guyana,2022,9
Guyana,2023,13
Guyana,2024,6
Guyana,2025,10
Haiti,2018,192
Haiti,2019,350
Haiti,2020,560
Haiti,2021,665
Haiti,2022,914
Haiti,2023,1224
Haiti,2024,1243
Haiti,2025,1059
Heard Island and McDonald Islands,2021,0
Honduras,2018,695
Honduras,2019,833
Honduras,2020,660
Honduras,2021,626
Honduras,2022,609
Honduras,2023,536
Honduras,2024,434
Honduras,2025,429
Hungary,2020,2
Hungary,2021,9
Hungary,2022,3
Hungary,2023,14
Hungary,2024,2
Hungary,2025,7
Iceland,2020,1
Iceland,2021,2
Iceland,2023,1
Iceland,2024,1
India,2016,2712
India,2017,2767
India,2018,4296
India,2019,5364
India,2020,3266
India,2021,2123
India,2022,2321
India,2023,3360
India,2024,3608
India,2025,2577
Indonesia,2015,161
Indonesia,2016,97
Indonesia,2017,96
Indonesia,2018,171
Indonesia,2019,242
Indonesia,2020,281
Indonesia,2021,315
Indonesia,2022,232
Indonesia,2023,338
Indonesia,2024,480
Indonesia,2025,536
Iran,2016,98
Iran,2017,92
Iran,2018,134
Iran,2019,90
Iran,2020,208
Iran,2021,206
Iran,2022,302
Iran,2023,204
Iran,2024,162
Iran,2025,543
Iraq,2016,9761
Iraq,2017,4873
Iraq,2018,2939
Iraq,2019,2319
Iraq,2020,3453
Iraq,2021,4946
Iraq,2022,5910
Iraq,2023,4860
Iraq,2024,6973
Iraq,2025,2485
Ireland,2020,12
Ireland,2021,1
Ireland,2022,2
Ireland,2023,4
Ireland,2024,3
Ireland,2025,2
Isle of Man,2020,0
Isle of Man,2021,0
Israel,2016,47
Israel,2017,73
Israel,2018,302
Israel,2019,250
Israel,2020,236
Israel,2021,385
Israel,2022,147
Israel,2023,1195
Israel,2024,3451
Israel,2025,191
Italy,2020,120
Italy,2021,95
Italy,2022,54
Italy,2023,48
Italy,2024,86
Italy,2025,45
Ivory Coast,1997,6
Ivory Coast,1998,8
Ivory Coast,1999,19
Ivory Coast,2000,70
Ivory Coast,2001,21
Ivory Coast,2002,120
Ivory Coast,2003,132
Ivory Coast,2004,63
Ivory Coast,2005,36
Ivory Coast,2006,15
Ivory Coast,2007,4
Ivory Coast,2008,14
Ivory Coast,2009,2
Ivory Coast,2010,52
Ivory Coast,2011,211
Ivory Coast,2012,62
Ivory Coast,2013,63
Ivory Coast,2014,50
Ivory Coast,2015,23
Ivory Coast,2016,28
Ivory Coast,2017,36
Ivory Coast,2018,38
Ivory Coast,2019,74
Ivory Coast,2020,164
Ivory Coast,2021,109
Ivory Coast,2022,73
Ivory Coast,2023,72
Ivory Coast,2024,79
Ivory Coast,2025,84
Jamaica,2018,192
Jamaica,2019,255
Jamaica,2020,257
Jamaica,2021,281
Jamaica,2022,379
Jamaica,2023,426
Jamaica,2024,343
Jamaica,2025,242
Japan,2018,0
Japan,2019,1
Japan,2020,0
Japan,2021,0
Japan,2022,1
Japan,2023,2
Jordan,2016,19
Jordan,2017,18
Jordan,2018,95
Jordan,2019,56
Jordan,2020,49
Jordan,2021,28
Jordan,2022,36
Jordan,2023,24
Jordan,2024,8
Jordan,2025,8
Kazakhstan,2018,14
Kazakhstan,2019,39
Kazakhstan,2020,39
Kazakhstan,2021,55
Kazakhstan,2022,149
Kazakhstan,2023,67
Kazakhstan,2024,65
Kazakhstan,2025,54
Kenya,1997,106
Kenya,1998,96
Kenya,1999,134
Kenya,2000,146
Kenya,2001,149
Kenya,2002,168
Kenya,2003,92
Kenya,2004,70
Kenya,2005,118
Kenya,2006,97
Kenya,2007,270
Kenya,2008,271
Kenya,2009,96
Kenya,2010,99
Kenya,2011,104
Kenya,2012,248
Kenya,2013,376
Kenya,2014,249
Kenya,2015,147
Kenya,2016,137
Kenya,2017,479
Kenya,2018,371
Kenya,2019,258
Kenya,2020,319
Kenya,2021,388
Kenya,2022,994
Kenya,2023,1106
Kenya,2024,1083
Kenya,2025,1174
Kiribati,2021,0
Kosovo,2018,21
Kosovo,2019,20
Kosovo,2020,7
Kosovo,2021,14
Kosovo,2022,23
Kosovo,2023,31
Kosovo,2024,30
Kosovo,2025,10
Kuwait,2016,2
Kuwait,2017,0
Kuwait,2018,0
Kuwait,2019,0
Kuwait,2020,2
Kuwait,2021,0
Kyrgyzstan,2018,37
Kyrgyzstan,2019,50
Kyrgyzstan,2020,49
Kyrgyzstan,2021,76
Kyrgyzstan,2022,62
Kyrgyzstan,2023,47
Kyrgyzstan,2024,36
Kyrgyzstan,2025,34
Laos,2010,0
Laos,2011,2
Laos,2012,3
Laos,2013,1
Laos,2014,0
Laos,2015,8
Laos,2016,8
Laos,2017,5
Laos,2018,1
Laos,2019,2
Laos,2020,2
Laos,2021,1
Laos,2023,2
Laos,2025,1
Latvia,2020,1
Latvia,2021,0
Latvia,2024,1
Latvia,2025,3
Lebanon,2016,367
Lebanon,2017,242
Lebanon,2018,124
Lebanon,2019,114
Lebanon,2020,189
Lebanon,2021,254
Lebanon,2022,261
Lebanon,2023,2090
Lebanon,2024,13422
Lebanon,2025,1762
Lesotho,1997,4
Lesotho,1998,24
Lesotho,1999,2
Lesotho,2000,0
Lesotho,2001,0
Lesotho,2002,2
Lesotho,2003,2
Lesotho,2004,1
Lesotho,2005,0
Lesotho,2006,3
Lesotho,2007,1
Lesotho,2008,0
Lesotho,2009,2
Lesotho,2010,1
Lesotho,2011,0
Lesotho,2012,15
Lesotho,2013,0
Lesotho,2014,3
Lesotho,2015,5
Lesotho,2016,5
Lesotho,2017,2
Lesotho,2018,0
Lesotho,2019,5
Lesotho,2020,11
Lesotho,2021,13
Lesotho,2022,15
Lesotho,2023,11
Lesotho,2024,8
Liberia,1997,11
Liberia,1998,17
Liberia,1999,37
Liberia,2000,80
Liberia,2001,166
Liberia,2002,138
Liberia,2003,229
Liberia,2004,17
Liberia,2005,18
Liberia,2006,15
Liberia,2007,5
Liberia,2008,9
Liberia,2009,6
Liberia,2010,6
Liberia,2011,17
Liberia,2012,3
Liberia,2013,13
Liberia,2014,35
Liberia,2015,13
Liberia,2016,24
Liberia,2017,22
Liberia,2018,12
Liberia,2019,23
Liberia,2020,47
Liberia,2021,15
Liberia,2022,28
Liberia,2023,27
Liberia,2024,13
Liberia,2025,24
Libya,1997,2
Libya,1998,5
Libya,1999,0
Libya,2000,4
Libya,2001,0
Libya,2002,3
Libya,2003,2
Libya,2004,5
Libya,2005,2
Libya,2006,0
Libya,2007,1
Libya,2008,3
Libya,2009,2
Libya,2010,4
Libya,2011,612
Libya,2012,172
Libya,2013,366
Libya,2014,1333
Libya,2015,1151
Libya,2016,1011
Libya,2017,801
Libya,2018,599
Libya,2019,1253
Libya,2020,1155
Libya,2021,107
Libya,2022,118
Libya,2023,75
Libya,2024,227
Libya,2025,326
Liechtenstein,2020,0
Liechtenstein,2021,0
Lithuania,2020,0
Lithuania,2021,0
Lithuania,2023,1
Lithuania,2024,1
Lithuania,2025,1
Luxembourg,2020,0
Luxembourg,2021,0
Madagascar,1997,4
Madagascar,1998,0
Madagascar,1999,0
Madagascar,2000,2
Madagascar,2001,1
Madagascar,2002,29
Madagascar,2003,8
Madagascar,2004,18
Madagascar,2005,8
Madagascar,2006,7
Madagascar,2007,11
Madagascar,2008,1
Madagascar,2009,30
Madagascar,2010,9
Madagascar,2011,2
Madagascar,2012,45
Madagascar,2013,51
Madagascar,2014,72
Madagascar,2015,55
Madagascar,2016,56
Madagascar,2017,141
Madagascar,2018,78
Madagascar,2019,251
Madagascar,2020,235
Madagascar,2021,216
Madagascar,2022,225
Madagascar,2023,489
Madagascar,2024,476
Madagascar,2025,268
Malawi,1997,0
Malawi,1998,3
Malawi,1999,1
Malawi,2000,8
Malawi,2001,15
Malawi,2002,8
Malawi,2003,7
Malawi,2004,2
Malawi,2005,2
Malawi,2006,2
Malawi,2007,3
Malawi,2008,4
Malawi,2009,3
Malawi,2010,2
Malawi,2011,16
Malawi,2012,4
Malawi,2013,7
Malawi,2014,16
Malawi,2015,20
Malawi,2016,23
Malawi,2017,28
Malawi,2018,29
Malawi,2019,29
Malawi,2020,113
Malawi,2021,101
Malawi,2022,86
Malawi,2023,93
Malawi,2024,75
Malawi,2025,71
Malaysia,2018,28
Malaysia,2019,32
Malaysia,2020,6
Malaysia,2021,16
Malaysia,2022,7
Malaysia,2023,1
Malaysia,2024,5
Malaysia,2025,6
Maldives,2020,4
Maldives,2021,2
Maldives,2022,1
Maldives,2023,6
Maldives,2024,6
Mali,1997,3
Mali,1998,3
Mali,1999,10
Mali,2000,3
Mali,2001,4
Mali,2002,1
Mali,2003,3
Mali,2004,3
Mali,2005,1
Mali,2006,7
Mali,2007,9
Mali,2008,21
Mali,2009,9
Mali,2010,14
Mali,2011,19
Mali,2012,172
Mali,2013,236
Mali,2014,116
Mali,2015,155
Mali,2016,144
Mali,2017,415
Mali,2018,585
Mali,2019,600
Mali,2020,1006
Mali,2021,1025
Mali,2022,1360
Mali,2023,1591
Mali,2024,1479
Mali,2025,1339
Malta,2020,6
Malta,2021,2
Malta,2022,1
Malta,2023,2
Malta,2025,2
Marshall Islands,2021,0
Martinique,2018,4
Martinique,2019,1
Martinique,2020,1
Martinique,2021,1
Martinique,2023,1
Martinique,2025,2
Mauritania,1997,1
Mauritania,1998,0
Mauritania,1999,2
Mauritania,2000,1
Mauritania,2001,0
Mauritania,2002,0
Mauritania,2003,6
Mauritania,2004,0
Mauritania,2005,5
Mauritania,2006,0
Mauritania,2007,3
Mauritania,2008,7
Mauritania,2009,7
Mauritania,2010,5
Mauritania,2011,8
Mauritania,2012,7
Mauritania,2013,9
Mauritania,2014,5
Mauritania,2015,6
Mauritania,2016,4
Mauritania,2017,7
Mauritania,2018,4
Mauritania,2019,4
Mauritania,2020,12
Mauritania,2021,5
Mauritania,2022,7
Mauritania,2023,9
Mauritania,2024,12
Mauritania,2025,11
Mauritius,2020,17
Mauritius,2021,22
Mauritius,2022,31
Mauritius,2023,13
Mauritius,2024,30
Mauritius,2025,14
Mayotte,2020,4
Mayotte,2021,7
Mayotte,2022,25
Mayotte,2023,26
Mayotte,2024,65
Mayotte,2025,22
Mexico,2018,8105
Mexico,2019,7810
Mexico,2020,7260
Mexico,2021,7364
Mexico,2022,7124
Mexico,2023,6692
Mexico,2024,7583
Mexico,2025,7178
Micronesia,2021,0
Moldova,2018,5
Moldova,2019,13
Moldova,2020,4
Moldova,2021,13
Moldova,2022,14
Moldova,2023,8
Moldova,2024,5
Moldova,2025,7
Monaco,2020,0
Monaco,2021,0
Mongolia,2018,3
Mongolia,2019,0
Mongolia,2020,2
Mongolia,2021,1
Montenegro,2018,21
Montenegro,2019,18
Montenegro,2020,3
Montenegro,2021,7
Montenegro,2022,4
Montenegro,2023,1
Montenegro,2024,3
Montenegro,2025,7
Montserrat,2018,0
Montserrat,2019,0
Montserrat,2020,0
Montserrat,2021,0
Morocco,1997,7
Morocco,1998,5
Morocco,1999,1
Morocco,2000,4
Morocco,2001,2
Morocco,2002,2
Morocco,2003,4
Morocco,2004,2
Morocco,2005,3
Morocco,2006,2
Morocco,2007,5
Morocco,2008,5
Morocco,2009,1
Morocco,2010,7
Morocco,2011,28
Morocco,2012,15
Morocco,2013,51
Morocco,2014,70
Morocco,2015,42
Morocco,2016,22
Morocco,2017,26
Morocco,2018,21
Morocco,2019,24
Morocco,2020,31
Morocco,2021,55
Morocco,2022,84
Morocco,2023,60
Morocco,2024,47
Morocco,2025,47
Mozambique,1997,3
Mozambique,1998,1
Mozambique,1999,1
Mozambique,2000,5
Mozambique,2001,0
Mozambique,2002,2
Mozambique,2003,14
Mozambique,2004,25
Mozambique,2005,8
Mozambique,2006,7
Mozambique,2007,8
Mozambique,2008,10
Mozambique,2009,30
Mozambique,2010,16
Mozambique,2011,8
Mozambique,2012,20
Mozambique,2013,69
Mozambique,2014,107
Mozambique,2015,22
Mozambique,2016,97
Mozambique,2017,87
Mozambique,2018,106
Mozambique,2019,304
Mozambique,2020,551
Mozambique,2021,409
Mozambique,2022,496
Mozambique,2023,231
Mozambique,2024,408
Mozambique,2025,364
Myanmar,2010,149
Myanmar,2011,450
Myanmar,2012,493
Myanmar,2013,519
Myanmar,2014,435
Myanmar,2015,822
Myanmar,2016,788
Myanmar,2017,805
Myanmar,2018,798
Myanmar,2019,1265
Myanmar,2020,1168
Myanmar,2021,7572
Myanmar,2022,11329
Myanmar,2023,12687
Myanmar,2024,12771
Myanmar,2025,9467
Namibia,1997,0
Namibia,1998,0
Namibia,1999,30
Namibia,2000,61
Namibia,2001,17
Namibia,2002,5
Namibia,2003,3
Namibia,2004,0
Namibia,2005,0
Namibia,2006,2
Namibia,2007,3
Namibia,2008,7
Namibia,2009,2
Namibia,2010,3
Namibia,2011,6
Namibia,2012,1
Namibia,2013,12
Namibia,2014,15
Namibia,2015,6
Namibia,2016,8
Namibia,2017,4
Namibia,2018,1
Namibia,2019,3
Namibia,2020,6
Namibia,2021,18
Namibia,2022,11
Namibia,2023,6
Namibia,2024,8
Namibia,2025,3
Nauru,2021,0
Nepal,2010,166
Nepal,2011,97
Nepal,2012,84
Nepal,2013,228
Nepal,2014,36
Nepal,2015,109
Nepal,2016,46
Nepal,2017,230
Nepal,2018,319
Nepal,2019,506
Nepal,2020,462
Nepal,2021,210
Nepal,2022,413
Nepal,2023,179
Nepal,2024,147
Nepal,2025,138
Netherlands,2020,28
Netherlands,2021,17
Netherlands,2022,11
Netherlands,2023,12
Netherlands,2024,11
Netherlands,2025,8
New Caledonia,2021,1
New Caledonia,2024,3
New Zealand,2021,3
Nicaragua,2018,198
Nicaragua,2019,80
Nicaragua,2020,62
Nicaragua,2021,46
Nicaragua,2022,13
Nicaragua,2023,15
Nicaragua,2024,15
Nicaragua,2025,8
Niger,1997,18
Niger,1998,33
Niger,1999,6
Niger,2000,1
Niger,2001,4
Niger,2002,38
Niger,2003,3
Niger,2004,15
Niger,2005,4
Niger,2006,2
Niger,2007,28
Niger,2008,22
Niger,2009,6
Niger,2010,7
Niger,2011,7
Niger,2012,7
Niger,2013,11
Niger,2014,11
Niger,2015,55
Niger,2016,60
Niger,2017,41
Niger,2018,112
Niger,2019,270
Niger,2020,432
Niger,2021,328
Niger,2022,572
Niger,2023,439
Niger,2024,456
Niger,2025,465
Nigeria,1997,113
Nigeria,1998,101
Nigeria,1999,153
Nigeria,2000,142
Nigeria,2001,108
Nigeria,2002,139
Nigeria,2003,183
Nigeria,2004,202
Nigeria,2005,114
Nigeria,2006,108
Nigeria,2007,184
Nigeria,2008,177
Nigeria,2009,163
Nigeria,2010,329
Nigeria,2011,283
Nigeria,2012,691
Nigeria,2013,739
Nigeria,2014,959
Nigeria,2015,955
Nigeria,2016,792
Nigeria,2017,952
Nigeria,2018,1402
Nigeria,2019,1634
Nigeria,2020,2855
Nigeria,2021,3528
Nigeria,2022,3730
Nigeria,2023,3551
Nigeria,2024,4399
Nigeria,2025,3857
Niue,2021,0
Norfolk Island,2021,0
North Korea,2018,3
North Korea,2019,6
North Korea,2020,4
North Korea,2021,21
North Korea,2022,18
North Korea,2023,7
North Korea,2024,1
North Macedonia,2018,2
North Macedonia,2019,4
North Macedonia,2020,4
North Macedonia,2021,2
North Macedonia,2022,1
North Macedonia,2023,6
North Macedonia,2024,7
North Macedonia,2025,3
Northern Mariana Islands,2021,0
Norway,2020,11
Norway,2021,3
Norway,2022,2
Norway,2023,2
Norway,2024,4
Norway,2025,2
Oman,2016,0
Oman,2017,1
Oman,2018,1
Oman,2019,0
Oman,2020,0
Oman,2021,1
Oman,2024,5
Pakistan,2010,1769
Pakistan,2011,1238
Pakistan,2012,2134
Pakistan,2013,1720
Pakistan,2014,1697
Pakistan,2015,1529
Pakistan,2016,966
Pakistan,2017,787
Pakistan,2018,978
Pakistan,2019,1156
Pakistan,2020,630
Pakistan,2021,971
Pakistan,2022,1217
Pakistan,2023,1598
Pakistan,2024,2573
Pakistan,2025,3143
Palau,2021,0
Palestine,2016,735
Palestine,2017,856
Palestine,2018,3920
Palestine,2019,3007
Palestine,2020,2780
Palestine,2021,4203
Palestine,2022,5501
Palestine,2023,10930
Palestine,2024,18495
Palestine,2025,13309
Panama,2018,10
Panama,2019,12
Panama,2020,19
Panama,2021,12
Panama,2022,8
Panama,2023,10
Panama,2024,17
Panama,2025,7
Papua New Guinea,2021,109
Papua New Guinea,2022,172
Papua New Guinea,2023,220
Papua New Guinea,2024,203
Papua New Guinea,2025,151
Paraguay,2018,19
Paraguay,2019,42
Paraguay,2020,31
Paraguay,2021,54
Paraguay,2022,72
Paraguay,2023,39
Paraguay,2024,15
Paraguay,2025,6
Peru,2018,38
Peru,2019,106
Peru,2020,165
Peru,2021,134
Peru,2022,132
Peru,2023,139
Peru,2024,235
Peru,2025,235
Philippines,2016,3100
Philippines,2017,2607
Philippines,2018,1811
Philippines,2019,1518
Philippines,2020,1312
Philippines,2021,1001
Philippines,2022,852
Philippines,2023,792
Philippines,2024,624
Philippines,2025,472
Pitcairn,2021,0
Poland,2020,6
Poland,2021,84
Poland,2022,81
Poland,2023,50
Poland,2024,45
Poland,2025,71
Portugal,2020,8
Portugal,2021,2
Portugal,2024,4
Portugal,2025,3
Puerto Rico,2018,137
Puerto Rico,2019,158
Puerto Rico,2020,140
Puerto Rico,2021,211
Puerto Rico,2022,245
Puerto Rico,2023,227
Puerto Rico,2024,247
Puerto Rico,2025,177
Qatar,2016,0
Qatar,2017,0
Qatar,2018,0
Qatar,2019,0
Qatar,2020,0
Qatar,2021,0
Qatar,2025,2
Republic of Congo,1997,75
Republic of Congo,1998,37
Republic of Congo,1999,65
Republic of Congo,2000,6
Republic of Congo,2001,5
Republic of Congo,2002,42
Republic of Congo,2003,3
Republic of Congo,2004,5
Republic of Congo,2005,9
Republic of Congo,2006,1
Republic of Congo,2007,2
Republic of Congo,2008,0
Republic of Congo,2009,5
Republic of Congo,2010,0
Republic of Congo,2011,0
Republic of Congo,2012,1
Republic of Congo,2013,2
Republic of Congo,2014,10
Republic of Congo,2015,6
Republic of Congo,2016,28
Republic of Congo,2017,5
Republic of Congo,2018,8
Republic of Congo,2019,3
Republic of Congo,2020,4
Republic of Congo,2021,13
Republic of Congo,2022,12
Republic of Congo,2023,6
Republic of Congo,2024,3
Republic of Congo,2025,6
Reunion,2020,3
Reunion,2021,7
Reunion,2022,10
Reunion,2023,4
Reunion,2024,1
Reunion,2025,4
Romania,2018,1
Romania,2019,3
Romania,2020,14
Romania,2021,9
Romania,2022,7
Romania,2023,9
Romania,2024,8
Romania,2025,5
Russia,2018,263
Russia,2019,70
Russia,2020,75
Russia,2021,161
Russia,2022,442
Russia,2023,3056
Russia,2024,13097
Russia,2025,15185
Rwanda,1997,118
Rwanda,1998,136
Rwanda,1999,10
Rwanda,2000,18
Rwanda,2001,27
Rwanda,2002,3
Rwanda,2003,3
Rwanda,2004,2
Rwanda,2005,3
Rwanda,2006,7
Rwanda,2007,17
Rwanda,2008,6
Rwanda,2009,13
Rwanda,2010,49
Rwanda,2011,39
Rwanda,2012,38
Rwanda,2013,14
Rwanda,2014,6
Rwanda,2015,5
Rwanda,2016,7
Rwanda,2017,4
Rwanda,2018,24
Rwanda,2019,50
Rwanda,2020,40
Rwanda,2021,29
Rwanda,2022,23
Rwanda,2023,15
Rwanda,2024,14
Rwanda,2025,8
"Saint Helena, Ascension and Tristan da Cunha",2020,0
"Saint Helena, Ascension and Tristan da Cunha",2021,0
Saint Kitts and Nevis,2018,2
Saint Kitts and Nevis,2019,0
Saint Kitts and Nevis,2020,0
Saint Kitts and Nevis,2021,0
Saint Lucia,2018,0
Saint Lucia,2019,1
Saint Lucia,2020,0
Saint Lucia,2021,3
Saint Lucia,2022,1
Saint Lucia,2023,4
Saint Lucia,2024,2
Saint Pierre and Miquelon,2021,0
Saint Vincent and the Grenadines,2018,0
Saint Vincent and the Grenadines,2019,0
Saint Vincent and the Grenadines,2020,1
Saint Vincent and the Grenadines,2021,0
Saint Vincent and the Grenadines,2024,1
Saint-Barthelemy,2018,0
Saint-Barthelemy,2019,0
Saint-Barthelemy,2020,0
Saint-Barthelemy,2021,0
Saint-Martin,2018,0
Saint-Martin,2019,0
Saint-Martin,2020,0
Saint-Martin,2021,0
Saint-Martin,2023,1
Samoa,2021,3
Samoa,2023,1
San Marino,2020,0
San Marino,2021,0
Sao Tome and Principe,2020,0
Sao Tome and Principe,2021,2
Sao Tome and Principe,2022,2
Sao Tome and Principe,2023,1
Sao Tome and Principe,2024,1
Saudi Arabia,2015,429
Saudi Arabia,2016,673
Saudi Arabia,2017,735
Saudi Arabia,2018,780
Saudi Arabia,2019,246
Saudi Arabia,2020,51
Saudi Arabia,2021,81
Saudi Arabia,2022,40
Saudi Arabia,2023,7
Saudi Arabia,2024,2
Saudi Arabia,2025,5
Senegal,1997,47
Senegal,1998,31
Senegal,1999,26
Senegal,2000,49
Senegal,2001,53
Senegal,2002,38
Senegal,2003,15
Senegal,2004,7
Senegal,2005,1
Senegal,2006,22
Senegal,2007,19
Senegal,2008,11
Senegal,2009,19
Senegal,2010,14
Senegal,2011,17
Senegal,2012,23
Senegal,2013,18
Senegal,2014,42
Senegal,2015,16
Senegal,2016,18
Senegal,2017,12
Senegal,2018,13
Senegal,2019,4
Senegal,2020,25
Senegal,2021,50
Senegal,2022,64
Senegal,2023,41
Senegal,2024,41
Senegal,2025,25
Serbia,2018,27
Serbia,2019,39
Serbia,2020,8
Serbia,2021,5
Serbia,2022,8
Serbia,2023,8
Serbia,2024,31
Serbia,2025,110
Seychelles,2020,0
Seychelles,2021,0
Sierra Leone,1997,493
Sierra Leone,1998,798
Sierra Leone,1999,449
Sierra Leone,2000,235
Sierra Leone,2001,56
Sierra Leone,2002,3
Sierra Leone,2003,7
Sierra Leone,2004,8
Sierra Leone,2005,2
Sierra Leone,2006,1
Sierra Leone,2007,4
Sierra Leone,2008,12
Sierra Leone,2009,15
Sierra Leone,2010,4
Sierra Leone,2011,6
Sierra Leone,2012,7
Sierra Leone,2013,6
Sierra Leone,2014,9
Sierra Leone,2015,12
Sierra Leone,2016,9
Sierra Leone,2017,18
Sierra Leone,2018,69
Sierra Leone,2019,68
Sierra Leone,2020,42
Sierra Leone,2021,16
Sierra Leone,2022,20
Sierra Leone,2023,43
Sierra Leone,2024,7
Sierra Leone,2025,11
Singapore,2020,0
Singapore,2021,0
Sint Maarten,2018,0
Sint Maarten,2019,0
Sint Maarten,2020,1
Sint Maarten,2021,0
Sint Maarten,2022,2
Sint Maarten,2024,2
Slovakia,2020,4
Slovakia,2021,2
Slovakia,2022,4
Slovakia,2023,1
Slovakia,2024,3
Slovakia,2025,5
Slovenia,2020,0
Slovenia,2021,1
Slovenia,2022,2
Slovenia,2023,2
Slovenia,2024,7
Slovenia,2025,6
Solomon Islands,2021,9
Solomon Islands,2022,4
Solomon Islands,2023,2
Somalia,1997,30
Somalia,1998,26
Somalia,1999,76
Somalia,2000,90
Somalia,2001,60
Somalia,2002,108
Somalia,2003,384
Somalia,2004,330
Somalia,2005,343
Somalia,2006,371
Somalia,2007,1242
Somalia,2008,1321
Somalia,2009,530
Somalia,2010,1085
Somalia,2011,1093
Somalia,2012,1819
Somalia,2013,2782
Somalia,2014,2639
Somalia,2015,2088
Somalia,2016,2311
Somalia,2017,2626
Somalia,2018,2901
Somalia,2019,2852
Somalia,2020,2782
Somalia,2021,3047
Somalia,2022,3120
Somalia,2023,3186
Somalia,2024,2835
Somalia,2025,3786
South Africa,1997,29
South Africa,1998,40
South Africa,1999,42
South Africa,2000,44
South Africa,2001,26
South Africa,2002,20
South Africa,2003,12
South Africa,2004,29
South Africa,2005,8
South Africa,2006,13
South Africa,2007,32
South Africa,2008,43
South Africa,2009,50
South Africa,2010,43
South Africa,2011,58
South Africa,2012,279
South Africa,2013,191
South Africa,2014,229
South Africa,2015,360
South Africa,2016,208
South Africa,2017,148
South Africa,2018,163
South Africa,2019,215
South Africa,2020,265
South Africa,2021,358
South Africa,2022,431
South Africa,2023,405
South Africa,2024,419
South Africa,2025,172
South Georgia and the South Sandwich Islands,2018,0
South Georgia and the South Sandwich Islands,2019,0
South Georgia and the South Sandwich Islands,2020,0
South Georgia and the South Sandwich Islands,2021,0
South Korea,2018,2
South Korea,2019,9
South Korea,2020,12
South Korea,2021,3
South Korea,2022,4
South Korea,2024,6
South Korea,2025,3
South Sudan,2011,51
South Sudan,2012,187
South Sudan,2013,366
South Sudan,2014,868
South Sudan,2015,816
South Sudan,2016,892
South Sudan,2017,1086
South Sudan,2018,782
South Sudan,2019,520
South Sudan,2020,850
South Sudan,2021,1750
South Sudan,2022,1724
South Sudan,2023,1397
South Sudan,2024,1235
South Sudan,2025,1501
Spain,2020,28
Spain,2021,120
Spain,2022,13
Spain,2023,8
Spain,2024,9
Spain,2025,30
Sri Lanka,2010,139
Sri Lanka,2011,79
Sri Lanka,2012,63
Sri Lanka,2013,114
Sri Lanka,2014,48
Sri Lanka,2015,56
Sri Lanka,2016,14
Sri Lanka,2017,31
Sri Lanka,2018,114
Sri Lanka,2019,203
Sri Lanka,2020,84
Sri Lanka,2021,44
Sri Lanka,2022,27
Sri Lanka,2023,49
Sri Lanka,2024,56
Sri Lanka,2025,59
Sudan,1997,230
Sudan,1998,243
Sudan,1999,192
Sudan,2000,212
Sudan,2001,198
Sudan,2002,321
Sudan,2003,202
Sudan,2004,542
Sudan,2005,307
Sudan,2006,193
Sudan,2007,130
Sudan,2008,288
Sudan,2009,320
Sudan,2010,257
Sudan,2011,278
Sudan,2012,571
Sudan,2013,848
Sudan,2014,1077
Sudan,2015,1188
Sudan,2016,1190
Sudan,2017,594
Sudan,2018,502
Sudan,2019,461
Sudan,2020,435
Sudan,2021,683
Sudan,2022,909
Sudan,2023,4883
Sudan,2024,5950
Sudan,2025,3488
Suriname,2018,4
Suriname,2019,5
Suriname,2020,9
Suriname,2021,6
Suriname,2022,5
Suriname,2023,8
Suriname,2024,5
Suriname,2025,2
Sweden,2020,28
Sweden,2021,1
Sweden,2022,5
Sweden,2023,3
Sweden,2024,5
Sweden,2025,3
Switzerland,2020,3
Switzerland,2021,5
Switzerland,2022,2
Switzerland,2023,2
Switzerland,2024,2
Switzerland,2025,2
Syria,2017,30734
Syria,2018,18459
Syria,2019,18307
Syria,2020,10380
Syria,2021,9506
Syria,2022,10895
Syria,2023,10243
Syria,2024,12376
Syria,2025,5959
Taiwan,2018,6
Taiwan,2019,8
Taiwan,2020,0
Taiwan,2021,4
Taiwan,2022,8
Tajikistan,2018,14
Tajikistan,2019,24
Tajikistan,2020,7
Tajikistan,2021,14
Tajikistan,2022,25
Tajikistan,2023,5
Tajikistan,2025,2
Tanzania,1997,5
Tanzania,1998,3
Tanzania,1999,7
Tanzania,2000,14
Tanzania,2001,21
Tanzania,2002,16
Tanzania,2003,3
Tanzania,2004,26
Tanzania,2005,43
Tanzania,2006,8
Tanzania,2007,6
Tanzania,2008,13
Tanzania,2009,5
Tanzania,2010,3
Tanzania,2011,27
Tanzania,2012,56
Tanzania,2013,48
Tanzania,2014,39
Tanzania,2015,35
Tanzania,2016,20
Tanzania,2017,74
Tanzania,2018,38
Tanzania,2019,32
Tanzania,2020,49
Tanzania,2021,49
Tanzania,2022,46
Tanzania,2023,57
Tanzania,2024,77
Tanzania,2025,102
Thailand,2010,785
Thailand,2011,697
Thailand,2012,587
Thailand,2013,690
Thailand,2014,751
Thailand,2015,466
Thailand,2016,543
Thailand,2017,316
Thailand,2018,251
Thailand,2019,287
Thailand,2020,132
Thailand,2021,170
Thailand,2022,110
Thailand,2023,137
Thailand,2024,113
Thailand,2025,152
Togo,1997,2
Togo,1998,9
Togo,1999,2
Togo,2000,1
Togo,2001,0
Togo,2002,0
Togo,2003,2
Togo,2004,0
Togo,2005,13
Togo,2006,1
Togo,2007,0
Togo,2008,1
Togo,2009,1
Togo,2010,1
Togo,2011,1
Togo,2012,2
Togo,2013,7
Togo,2014,2
Togo,2015,2
Togo,2016,4
Togo,2017,14
Togo,2018,3
Togo,2019,14
Togo,2020,32
Togo,2021,12
Togo,2022,35
Togo,2023,27
Togo,2024,33
Togo,2025,17
Tokelau,2021,0
Tonga,2021,0
Trinidad and Tobago,2018,286
Trinidad and Tobago,2019,222
Trinidad and Tobago,2020,188
Trinidad and Tobago,2021,243
Trinidad and Tobago,2022,342
Trinidad and Tobago,2023,407
Trinidad and Tobago,2024,399
Trinidad and Tobago,2025,228
Tunisia,1997,0
Tunisia,1998,0
Tunisia,1999,1
Tunisia,2000,0
Tunisia,2001,3
Tunisia,2002,2
Tunisia,2003,1
Tunisia,2004,2
Tunisia,2005,1
Tunisia,2006,1
Tunisia,2007,1
Tunisia,2008,6
Tunisia,2009,0
Tunisia,2010,12
Tunisia,2011,133
Tunisia,2012,52
Tunisia,2013,96
Tunisia,2014,123
Tunisia,2015,82
Tunisia,2016,107
Tunisia,2017,100
Tunisia,2018,65
Tunisia,2019,63
Tunisia,2020,43
Tunisia,2021,42
Tunisia,2022,8
Tunisia,2023,33
Tunisia,2024,23
Tunisia,2025,14
Turkey,2016,1855
Turkey,2017,932
Turkey,2018,984
Turkey,2019,946
Turkey,2020,778
Turkey,2021,382
Turkey,2022,366
Turkey,2023,368
Turkey,2024,258
Turkey,2025,45
Turkmenistan,2018,3
Turkmenistan,2019,10
Turkmenistan,2020,5
Turkmenistan,2021,0
Turkmenistan,2023,1
Turkmenistan,2025,2
Turks and Caicos Islands,2018,0
Turks and Caicos Islands,2019,1
Turks and Caicos Islands,2020,0
Turks and Caicos Islands,2021,0
Tuvalu,2021,0
Uganda,1997,89
Uganda,1998,278
Uganda,1999,233
Uganda,2000,233
Uganda,2001,109
Uganda,2002,455
Uganda,2003,651
Uganda,2004,325
Uganda,2005,261
Uganda,2006,266
Uganda,2007,75
Uganda,2008,66
Uganda,2009,73
Uganda,2010,87
Uganda,2011,62
Uganda,2012,35
Uganda,2013,33
Uganda,2014,66
Uganda,2015,85
Uganda,2016,102
Uganda,2017,107
Uganda,2018,207
Uganda,2019,221
Uganda,2020,444
Uganda,2021,611
Uganda,2022,430
Uganda,2023,368
Uganda,2024,285
Uganda,2025,223
Ukraine,2018,13360
Ukraine,2019,14883
Ukraine,2020,8453
Ukraine,2021,7297
Ukraine,2022,39803
Ukraine,2023,54574
Ukraine,2024,53207
Ukraine,2025,64161
United Arab Emirates,2017,0
United Arab Emirates,2018,1
United Arab Emirates,2019,1
United Arab Emirates,2020,1
United Arab Emirates,2021,3
United Arab Emirates,2022,8
United Arab Emirates,2024,1
United Arab Emirates,2025,2
United Kingdom,2020,86
United Kingdom,2021,80
United Kingdom,2022,32
United Kingdom,2023,21
United Kingdom,2024,24
United Kingdom,2025,13
United States,2020,285
United States,2021,153
United States,2022,194
United States,2023,157
United States,2024,131
United States,2025,96
United States Minor Outlying Islands,2021,0
Uruguay,2018,3
Uruguay,2019,12
Uruguay,2020,4
Uruguay,2021,1
Uruguay,2022,4
Uruguay,2023,3
Uruguay,2024,1
Uzbekistan,2018,15
Uzbekistan,2019,25
Uzbekistan,2020,32
Uzbekistan,2021,36
Uzbekistan,2022,43
Uzbekistan,2023,37
Uzbekistan,2024,17
Uzbekistan,2025,25
Vanuatu,2021,0
Vanuatu,2022,1
Vanuatu,2023,1
Vatican City,2020,0
Vatican City,2021,0
Venezuela,2018,1947
Venezuela,2019,2340
Venezuela,2020,1919
Venezuela,2021,1418
Venezuela,2022,883
Venezuela,2023,701
Venezuela,2024,532
Venezuela,2025,313
Vietnam,2010,22
Vietnam,2011,11
Vietnam,2012,15
Vietnam,2013,14
Vietnam,2014,17
Vietnam,2015,35
Vietnam,2016,19
Vietnam,2017,21
Vietnam,2018,11
Vietnam,2019,23
Vietnam,2020,7
Vietnam,2021,3
Vietnam,2023,3
Vietnam,2024,1
"Virgin Islands, U.S.",2018,0
"Virgin Islands, U.S.",2019,0
"Virgin Islands, U.S.",2020,1
"Virgin Islands, U.S.",2021,0
Wallis and Futuna,2021,0
Yemen,2015,7570
Yemen,2016,8767
Yemen,2017,8258
Yemen,2018,10807
Yemen,2019,10574
Yemen,2020,10017
Yemen,2021,7382
Yemen,2022,6447
Yemen,2023,3086
Yemen,2024,3856
Yemen,2025,3392
Zambia,1997,4
Zambia,1998,3
Zambia,1999,9
Zambia,2000,15
Zambia,2001,11
Zambia,2002,3
Zambia,2003,10
Zambia,2004,8
Zambia,2005,12
Zambia,2006,22
Zambia,2007,25
Zambia,2008,4
Zambia,2009,9
Zambia,2010,9
Zambia,2011,17
Zambia,2012,22
Zambia,2013,40
Zambia,2014,45
Zambia,2015,47
Zambia,2016,52
Zambia,2017,14
Zambia,2018,29
Zambia,2019,22
Zambia,2020,80
Zambia,2021,75
Zambia,2022,38
Zambia,2023,37
Zambia,2024,10
Zambia,2025,31
Zimbabwe,1997,3
Zimbabwe,1998,11
Zimbabwe,1999,19
Zimbabwe,2000,270
Zimbabwe,2001,280
Zimbabwe,2002,656
Zimbabwe,2003,254
Zimbabwe,2004,242
Zimbabwe,2005,200
Zimbabwe,2006,91
Zimbabwe,2007,159
Zimbabwe,2008,700
Zimbabwe,2009,147
Zimbabwe,2010,127
Zimbabwe,2011,196
Zimbabwe,2012,126
Zimbabwe,2013,65
Zimbabwe,2014,97
Zimbabwe,2015,153
Zimbabwe,2016,105
Zimbabwe,2017,208
Zimbabwe,2018,238
Zimbabwe,2019,96
Zimbabwe,2020,92
Zimbabwe,2021,84
Zimbabwe,2022,142
Zimbabwe,2023,173
Zimbabwe,2024,49
Zimbabwe,2025,12
eSwatini,1997,1
eSwatini,1998,4
eSwatini,1999,2
eSwatini,2000,2
eSwatini,2001,1
eSwatini,2002,0
eSwatini,2003,3
eSwatini,2004,0
eSwatini,2005,3
eSwatini,2006,2
eSwatini,2007,0
eSwatini,2008,3
eSwatini,2009,1
eSwatini,2010,4
eSwatini,2011,3
eSwatini,2012,10
eSwatini,2013,6
eSwatini,2014,1
eSwatini,2015,5
eSwatini,2016,1
eSwatini,2017,0
eSwatini,2018,5
eSwatini,2019,6
eSwatini,2020,22
eSwatini,2021,65
eSwatini,2022,120
eSwatini,2023,48
eSwatini,2024,17
eSwatini,2025,6
